question_id,subject,chapter,difficulty,attempts,correct,incorrect,accuracy_rate,performance_category
Q0001,Science,Our Environment,Medium,1938,1034,904,53.35,Moderate
Q0004,Science,Electricity,Easy,5788,4122,1666,71.22,Moderate
Q0005,Science,"Acids, Bases and Salts",Easy,1935,1311,624,67.75,Moderate
Q0006,Science,Control and Coordination,Medium,1915,1123,792,58.64,Moderate
Q0007,Science,Carbon and its Compounds,Hard,3840,1490,2350,38.8,Difficult
Q0008,Science,Heredity,Easy,3849,2646,1203,68.75,Moderate
Q0009,Science,Life Processes,Easy,1925,1454,471,75.53,Moderate
Q0010,Science,Heredity,Easy,1927,1561,366,81.01,Easy
Q0011,Science,"Acids, Bases and Salts",Medium,3838,2355,1483,61.36,Moderate
Q0012,Science,Chemical Reactions and Equations,Medium,5755,3264,2491,56.72,Moderate
Q0014,Science,How do Organisms Reproduce?,Medium,1926,1117,809,58.0,Moderate
Q0016,Science,How do Organisms Reproduce?,Hard,1915,773,1142,40.37,Difficult
Q0018,Science,Heredity,Medium,3862,2148,1714,55.62,Moderate
Q0021,Science,Carbon and its Compounds,Easy,1915,1446,469,75.51,Moderate
Q0024,Science,The Human Eye and the Colorful World,Hard,3838,1518,2320,39.55,Difficult
Q0026,Science,"Acids, Bases and Salts",Easy,1938,1313,625,67.75,Moderate
Q0027,Science,The Human Eye and the Colorful World,Easy,1923,1561,362,81.18,Easy
Q0029,Science,The Human Eye and the Colorful World,Medium,1926,1131,795,58.72,Moderate
Q0030,Science,Chemical Reactions and Equations,Easy,1915,1450,465,75.72,Moderate
Q0031,Science,Electricity,Hard,7715,3139,4576,40.69,Difficult
Q0032,Science,Control and Coordination,Hard,1923,874,1049,45.45,Difficult
Q0034,Science,Life Processes,Easy,3842,2911,931,75.77,Moderate
Q0035,Science,Electricity,Hard,1926,795,1131,41.28,Difficult
Q0037,Science,Heredity,Hard,1923,732,1191,38.07,Difficult
Q0038,Science,"Acids, Bases and Salts",Easy,3844,3003,841,78.12,Moderate
Q0039,Science,Light - Reflection and Refraction,Easy,7706,5821,1885,75.54,Moderate
Q0040,Science,Control and Coordination,Medium,1915,980,935,51.17,Moderate
Q0043,Science,Our Environment,Medium,1927,1253,674,65.02,Moderate
Q0044,Science,Electricity,Medium,1926,1013,913,52.6,Moderate
Q0045,Science,Electricity,Hard,3841,1463,2378,38.09,Difficult
Q0046,Science,Life Processes,Medium,1915,1005,910,52.48,Moderate
Q0048,Science,Life Processes,Hard,5777,2339,3438,40.49,Difficult
Q0049,Science,Control and Coordination,Medium,3849,2309,1540,59.99,Moderate
Q0052,Science,Life Processes,Easy,3849,2636,1213,68.49,Moderate
Q0053,Science,Our Environment,Medium,3850,2150,1700,55.84,Moderate
Q0054,Science,Metals and Non-metals,Medium,3847,2381,1466,61.89,Moderate
Q0056,Science,"Acids, Bases and Salts",Medium,3862,2308,1554,59.76,Moderate
Q0057,Science,Magnetic Effects of Electric Current,Medium,1925,1139,786,59.17,Moderate
Q0058,Science,Chemical Reactions and Equations,Medium,1915,1110,805,57.96,Moderate
Q0059,Science,Light - Reflection and Refraction,Hard,1926,793,1133,41.17,Difficult
Q0061,Science,Our Environment,Hard,1915,796,1119,41.57,Difficult
Q0062,Science,Control and Coordination,Medium,3846,2053,1793,53.38,Moderate
Q0063,Science,Electricity,Medium,3862,2296,1566,59.45,Moderate
Q0065,Science,The Human Eye and the Colorful World,Hard,3844,1660,2184,43.18,Difficult
Q0067,Science,Metals and Non-metals,Medium,1926,1188,738,61.68,Moderate
Q0069,Science,Our Environment,Medium,1924,1146,778,59.56,Moderate
Q0070,Science,Life Processes,Medium,3856,2485,1371,64.45,Moderate
Q0071,Science,"Acids, Bases and Salts",Easy,5776,4048,1728,70.08,Moderate
Q0072,Science,Heredity,Medium,3844,2292,1552,59.63,Moderate
Q0073,Science,Control and Coordination,Easy,1938,1330,608,68.63,Moderate
Q0074,Science,Carbon and its Compounds,Medium,3850,2488,1362,64.62,Moderate
Q0075,Science,How do Organisms Reproduce?,Medium,1927,1265,662,65.65,Moderate
Q0076,Science,Our Environment,Easy,3849,2874,975,74.67,Moderate
Q0077,Science,Light - Reflection and Refraction,Medium,1923,1275,648,66.3,Moderate
Q0078,Science,Light - Reflection and Refraction,Hard,5790,2219,3571,38.32,Difficult
Q0079,Science,"Acids, Bases and Salts",Medium,5784,3285,2499,56.79,Moderate
Q0080,Science,Metals and Non-metals,Easy,1926,1347,579,69.94,Moderate
Q0081,Science,Chemical Reactions and Equations,Easy,3844,2999,845,78.02,Moderate
Q0082,Science,Control and Coordination,Medium,3844,2281,1563,59.34,Moderate
Q0084,Science,"Acids, Bases and Salts",Medium,1927,1222,705,63.41,Moderate
Q0085,Science,Carbon and its Compounds,Easy,3835,2611,1224,68.08,Moderate
Q0089,Science,How do Organisms Reproduce?,Easy,3858,2657,1201,68.87,Moderate
Q0090,Science,Control and Coordination,Easy,3858,2650,1208,68.69,Moderate
Q0091,Science,Magnetic Effects of Electric Current,Medium,3861,2168,1693,56.15,Moderate
Q0092,Science,Life Processes,Medium,1926,1140,786,59.19,Moderate
Q0093,Science,How do Organisms Reproduce?,Easy,5764,4113,1651,71.36,Moderate
Q0094,Science,Metals and Non-metals,Medium,7687,4575,3112,59.52,Moderate
Q0095,Science,How do Organisms Reproduce?,Medium,5790,3502,2288,60.48,Moderate
Q0096,Science,The Human Eye and the Colorful World,Medium,1923,1245,678,64.74,Moderate
Q0097,Science,Light - Reflection and Refraction,Easy,1915,1456,459,76.03,Moderate
Q0098,Science,Life Processes,Hard,1923,694,1229,36.09,Difficult
Q0099,Science,The Human Eye and the Colorful World,Easy,7702,5711,1991,74.15,Moderate
Q0100,Science,Heredity,Medium,1927,1233,694,63.99,Moderate
Q0101,Science,Light - Reflection and Refraction,Medium,1915,1187,728,61.98,Moderate
Q0102,Science,Magnetic Effects of Electric Current,Easy,5777,4259,1518,73.72,Moderate
Q0103,Science,Life Processes,Hard,3841,1623,2218,42.25,Difficult
Q0104,Science,The Human Eye and the Colorful World,Medium,1925,1128,797,58.6,Moderate
Q0105,Science,Electricity,Easy,1926,1461,465,75.86,Moderate
Q0107,Science,Heredity,Medium,1915,1005,910,52.48,Moderate
Q0108,Science,"Acids, Bases and Salts",Easy,1926,1299,627,67.45,Moderate
Q0109,Science,The Human Eye and the Colorful World,Medium,1915,1159,756,60.52,Moderate
Q0111,Science,Metals and Non-metals,Hard,5776,2437,3339,42.19,Difficult
Q0113,Science,Our Environment,Easy,3854,3171,683,82.28,Easy
Q0114,Science,Our Environment,Hard,1938,748,1190,38.6,Difficult
Q0115,Science,Heredity,Medium,3855,2071,1784,53.72,Moderate
Q0116,Science,"Acids, Bases and Salts",Easy,1915,1464,451,76.45,Moderate
Q0117,Science,Electricity,Medium,3851,2387,1464,61.98,Moderate
Q0118,Science,The Human Eye and the Colorful World,Medium,5772,3441,2331,59.62,Moderate
Q0119,Science,Heredity,Easy,1915,1317,598,68.77,Moderate
Q0120,Science,Light - Reflection and Refraction,Medium,1926,1130,796,58.67,Moderate
Q0121,Science,Heredity,Easy,1927,1565,362,81.21,Easy
Q0122,Science,Heredity,Easy,1926,1472,454,76.43,Moderate
Q0123,Science,Electricity,Medium,3851,2409,1442,62.56,Moderate
Q0124,Science,Heredity,Medium,1924,1148,776,59.67,Moderate
Q0125,Science,Heredity,Easy,5793,4247,1546,73.31,Moderate
Q0126,Science,Carbon and its Compounds,Medium,1927,1280,647,66.42,Moderate
Q0127,Science,Light - Reflection and Refraction,Easy,1923,1596,327,83.0,Easy
Q0128,Science,Carbon and its Compounds,Easy,1924,1472,452,76.51,Moderate
Q0129,Science,Magnetic Effects of Electric Current,Easy,1915,1421,494,74.2,Moderate
Q0130,Science,How do Organisms Reproduce?,Medium,1923,1022,901,53.15,Moderate
Q0131,Science,How do Organisms Reproduce?,Easy,1924,1428,496,74.22,Moderate
Q0134,Science,Our Environment,Easy,1925,1443,482,74.96,Moderate
Q0135,Science,Chemical Reactions and Equations,Easy,1920,1308,612,68.12,Moderate
Q0137,Science,How do Organisms Reproduce?,Hard,1925,792,1133,41.14,Difficult
Q0138,Science,Our Environment,Hard,1915,778,1137,40.63,Difficult
Q0139,Science,Heredity,Medium,1929,1267,662,65.68,Moderate
Q0141,Science,Electricity,Hard,1915,696,1219,36.34,Difficult
Q0143,Science,Metals and Non-metals,Medium,5756,3139,2617,54.53,Moderate
Q0144,Science,Chemical Reactions and Equations,Medium,3838,2202,1636,57.37,Moderate
Q0145,Science,The Human Eye and the Colorful World,Medium,1924,1115,809,57.95,Moderate
Q0146,Science,Electricity,Medium,1920,1013,907,52.76,Moderate
Q0149,Science,Control and Coordination,Medium,1920,1007,913,52.45,Moderate
Q0150,Science,How do Organisms Reproduce?,Easy,5787,4090,1697,70.68,Moderate
Q0151,Science,How do Organisms Reproduce?,Easy,3850,2892,958,75.12,Moderate
Q0152,Science,Heredity,Medium,1935,1039,896,53.7,Moderate
Q0153,Science,Chemical Reactions and Equations,Easy,5785,4105,1680,70.96,Moderate
Q0154,Science,Carbon and its Compounds,Easy,3847,2901,946,75.41,Moderate
Q0155,Science,Electricity,Medium,3852,2411,1441,62.59,Moderate
Q0157,Science,The Human Eye and the Colorful World,Medium,1927,1206,721,62.58,Moderate
Q0159,Science,Carbon and its Compounds,Medium,5764,3383,2381,58.69,Moderate
Q0160,Science,Our Environment,Easy,7701,5605,2096,72.78,Moderate
Q0161,Science,The Human Eye and the Colorful World,Medium,3851,2382,1469,61.85,Moderate
Q0162,Science,"Acids, Bases and Salts",Easy,1923,1565,358,81.38,Easy
Q0163,Science,Life Processes,Easy,3838,2786,1052,72.59,Moderate
Q0164,Science,Life Processes,Hard,3835,1513,2322,39.45,Difficult
Q0165,Science,How do Organisms Reproduce?,Hard,1938,723,1215,37.31,Difficult
Q0166,Science,Carbon and its Compounds,Medium,1935,1035,900,53.49,Moderate
Q0167,Science,Electricity,Medium,1927,1272,655,66.01,Moderate
Q0168,Science,Our Environment,Medium,1926,1145,781,59.45,Moderate
Q0169,Science,The Human Eye and the Colorful World,Medium,5772,3139,2633,54.38,Moderate
Q0172,Science,"Acids, Bases and Salts",Easy,3873,2654,1219,68.53,Moderate
Q0173,Science,Chemical Reactions and Equations,Medium,3848,2373,1475,61.67,Moderate
Q0174,Science,"Acids, Bases and Salts",Medium,1927,1253,674,65.02,Moderate
Q0175,Science,Electricity,Easy,1926,1331,595,69.11,Moderate
Q0176,Science,Magnetic Effects of Electric Current,Hard,1924,808,1116,42.0,Difficult
Q0177,Science,Magnetic Effects of Electric Current,Hard,1926,774,1152,40.19,Difficult
Q0179,Science,Our Environment,Easy,1923,1298,625,67.5,Moderate
Q0180,Science,Magnetic Effects of Electric Current,Easy,3840,2890,950,75.26,Moderate
Q0181,Science,Carbon and its Compounds,Easy,1927,1583,344,82.15,Easy
Q0183,Science,Our Environment,Hard,3849,1638,2211,42.56,Difficult
Q0184,Science,Electricity,Medium,3862,2270,1592,58.78,Moderate
Q0185,Science,Heredity,Medium,1925,1108,817,57.56,Moderate
Q0186,Science,Heredity,Easy,5758,4143,1615,71.95,Moderate
Q0189,Science,Light - Reflection and Refraction,Easy,3861,2603,1258,67.42,Moderate
Q0190,Science,Carbon and its Compounds,Medium,3864,2303,1561,59.6,Moderate
Q0191,Science,How do Organisms Reproduce?,Hard,1929,867,1062,44.95,Difficult
Q0192,Science,Carbon and its Compounds,Medium,1924,1157,767,60.14,Moderate
Q0193,Science,Magnetic Effects of Electric Current,Medium,1920,1049,871,54.64,Moderate
Q0194,Science,Chemical Reactions and Equations,Hard,3845,1470,2375,38.23,Difficult
Q0196,Science,Electricity,Hard,3852,1578,2274,40.97,Difficult
Q0197,Science,Light - Reflection and Refraction,Medium,1915,1028,887,53.68,Moderate
Q0198,Science,Magnetic Effects of Electric Current,Medium,1929,1242,687,64.39,Moderate
Q0199,Science,Magnetic Effects of Electric Current,Medium,1935,1034,901,53.44,Moderate
Q0200,Science,Life Processes,Medium,7694,4480,3214,58.23,Moderate
Q0201,Science,Control and Coordination,Medium,3851,2383,1468,61.88,Moderate
Q0202,Science,Our Environment,Hard,1915,788,1127,41.15,Difficult
Q0203,Science,Carbon and its Compounds,Hard,3853,1595,2258,41.4,Difficult
Q0205,Science,The Human Eye and the Colorful World,Easy,1923,1547,376,80.45,Easy
Q0206,Science,Carbon and its Compounds,Hard,1924,792,1132,41.16,Difficult
Q0207,Science,Metals and Non-metals,Medium,5777,3252,2525,56.29,Moderate
Q0208,Science,Light - Reflection and Refraction,Medium,1915,988,927,51.59,Moderate
Q0209,Science,Chemical Reactions and Equations,Easy,1925,1480,445,76.88,Moderate
Q0211,Science,Heredity,Medium,5764,3344,2420,58.02,Moderate
Q0212,Science,The Human Eye and the Colorful World,Easy,1935,1311,624,67.75,Moderate
Q0213,Science,Heredity,Hard,1915,748,1167,39.06,Difficult
Q0214,Science,Chemical Reactions and Equations,Medium,1915,1025,890,53.52,Moderate
Q0215,Science,"Acids, Bases and Salts",Medium,9630,5464,4166,56.74,Moderate
Q0216,Science,Heredity,Medium,1935,988,947,51.06,Moderate
Q0217,Science,Electricity,Hard,1925,775,1150,40.26,Difficult
Q0220,Science,Light - Reflection and Refraction,Medium,3851,2258,1593,58.63,Moderate
Q0221,Science,The Human Eye and the Colorful World,Medium,3852,2551,1301,66.23,Moderate
Q0222,Science,Our Environment,Easy,3854,3167,687,82.17,Easy
Q0223,Science,Heredity,Easy,3838,3035,803,79.08,Moderate
Q0225,Science,Chemical Reactions and Equations,Medium,1926,1004,922,52.13,Moderate
Q0226,Science,"Acids, Bases and Salts",Easy,5764,4082,1682,70.82,Moderate
Q0227,Science,Electricity,Easy,1915,1460,455,76.24,Moderate
Q0228,Science,"Acids, Bases and Salts",Hard,3842,1702,2140,44.3,Difficult
Q0229,Science,Light - Reflection and Refraction,Easy,1924,1462,462,75.99,Moderate
Q0230,Science,How do Organisms Reproduce?,Medium,1927,1287,640,66.79,Moderate
Q0232,Science,Life Processes,Hard,3850,1738,2112,45.14,Difficult
Q0234,Science,Life Processes,Medium,3845,2173,1672,56.51,Moderate
Q0235,Science,The Human Eye and the Colorful World,Easy,3842,3042,800,79.18,Moderate
Q0236,Science,How do Organisms Reproduce?,Hard,1915,776,1139,40.52,Difficult
Q0238,Science,Metals and Non-metals,Hard,1929,884,1045,45.83,Difficult
Q0239,Science,Our Environment,Easy,1935,1339,596,69.2,Moderate
Q0240,Science,Life Processes,Medium,1938,1038,900,53.56,Moderate
Q0241,Science,Magnetic Effects of Electric Current,Easy,3838,2874,964,74.88,Moderate
Q0243,Science,Heredity,Medium,1925,1134,791,58.91,Moderate
Q0246,Science,Electricity,Easy,5765,4553,1212,78.98,Moderate
Q0249,Science,Metals and Non-metals,Medium,1923,1027,896,53.41,Moderate
Q0250,Science,Heredity,Easy,1938,1320,618,68.11,Moderate
Q0251,Mathematics,Circles,Easy,1921,1449,472,75.43,Moderate
Q0253,Mathematics,Areas Related to Circles,Medium,1921,1156,765,60.18,Moderate
Q0254,Mathematics,Areas Related to Circles,Medium,5755,3303,2452,57.39,Moderate
Q0255,Mathematics,Areas Related to Circles,Easy,1920,1571,349,81.82,Easy
Q0256,Mathematics,Areas Related to Circles,Medium,7689,4616,3073,60.03,Moderate
Q0257,Mathematics,Introduction to Trigonometry,Medium,1913,1142,771,59.7,Moderate
Q0258,Mathematics,Surface Areas and Volumes,Hard,1924,798,1126,41.48,Difficult
Q0259,Mathematics,Arithmetic Progressions,Medium,1915,1112,803,58.07,Moderate
Q0260,Mathematics,Pair of Linear Equations in Two Variables,Hard,1917,785,1132,40.95,Difficult
Q0261,Mathematics,Some Applications of Trigonometry,Hard,5749,2326,3423,40.46,Difficult
Q0262,Mathematics,Some Applications of Trigonometry,Medium,1924,1159,765,60.24,Moderate
Q0263,Mathematics,Probability,Hard,1917,812,1105,42.36,Difficult
Q0265,Mathematics,Statistics,Medium,1913,1191,722,62.26,Moderate
Q0266,Mathematics,Pair of Linear Equations in Two Variables,Easy,3855,2904,951,75.33,Moderate
Q0267,Mathematics,Probability,Medium,3834,2260,1574,58.95,Moderate
Q0268,Mathematics,Probability,Medium,1920,1042,878,54.27,Moderate
Q0271,Mathematics,Triangles,Easy,1921,1443,478,75.12,Moderate
Q0273,Mathematics,Areas Related to Circles,Hard,1929,750,1179,38.88,Difficult
Q0274,Mathematics,Areas Related to Circles,Medium,1913,1164,749,60.85,Moderate
Q0277,Mathematics,Areas Related to Circles,Medium,5774,3581,2193,62.02,Moderate
Q0278,Mathematics,Introduction to Trigonometry,Hard,1920,872,1048,45.42,Difficult
Q0281,Mathematics,Introduction to Trigonometry,Hard,1913,814,1099,42.55,Difficult
Q0282,Mathematics,Some Applications of Trigonometry,Medium,5757,3335,2422,57.93,Moderate
Q0283,Mathematics,Triangles,Hard,1920,704,1216,36.67,Difficult
Q0286,Mathematics,Coordinate Geometry,Medium,3834,2293,1541,59.81,Moderate
Q0287,Mathematics,Circles,Hard,3843,1708,2135,44.44,Difficult
Q0290,Mathematics,Probability,Medium,3836,2062,1774,53.75,Moderate
Q0291,Mathematics,Triangles,Easy,1921,1458,463,75.9,Moderate
Q0294,Mathematics,Probability,Easy,5751,4362,1389,75.85,Moderate
Q0297,Mathematics,Statistics,Medium,1926,1253,673,65.06,Moderate
Q0298,Mathematics,Statistics,Medium,3850,2201,1649,57.17,Moderate
Q0299,Mathematics,Probability,Hard,7672,3091,4581,40.29,Difficult
Q0300,Mathematics,Circles,Easy,3857,3039,818,78.79,Moderate
Q0301,Mathematics,Quadratic Equations,Medium,5771,3260,2511,56.49,Moderate
Q0302,Mathematics,Statistics,Easy,3837,3030,807,78.97,Moderate
Q0303,Mathematics,Arithmetic Progressions,Medium,5770,3312,2458,57.4,Moderate
Q0304,Mathematics,Pair of Linear Equations in Two Variables,Easy,3841,2759,1082,71.83,Moderate
Q0305,Mathematics,Pair of Linear Equations in Two Variables,Medium,1915,1123,792,58.64,Moderate
Q0307,Mathematics,Statistics,Medium,7694,4602,3092,59.81,Moderate
Q0309,Mathematics,Pair of Linear Equations in Two Variables,Medium,3851,2375,1476,61.67,Moderate
Q0310,Mathematics,Polynomials,Easy,1915,1462,453,76.34,Moderate
Q0311,Mathematics,Introduction to Trigonometry,Medium,1931,1156,775,59.87,Moderate
Q0312,Mathematics,Circles,Easy,5774,4252,1522,73.64,Moderate
Q0313,Mathematics,Quadratic Equations,Hard,1921,787,1134,40.97,Difficult
Q0314,Mathematics,Surface Areas and Volumes,Easy,1931,1488,443,77.06,Moderate
Q0315,Mathematics,Some Applications of Trigonometry,Medium,1913,1150,763,60.12,Moderate
Q0316,Mathematics,Real Numbers,Medium,1915,1159,756,60.52,Moderate
Q0318,Mathematics,Introduction to Trigonometry,Hard,1920,896,1024,46.67,Difficult
Q0320,Mathematics,Circles,Medium,1921,1154,767,60.07,Moderate
Q0321,Mathematics,Arithmetic Progressions,Easy,3828,2911,917,76.04,Moderate
Q0322,Mathematics,Some Applications of Trigonometry,Medium,3837,2218,1619,57.81,Moderate
Q0324,Mathematics,Some Applications of Trigonometry,Medium,3849,2300,1549,59.76,Moderate
Q0325,Mathematics,Statistics,Hard,1916,704,1212,36.74,Difficult
Q0328,Mathematics,Introduction to Trigonometry,Easy,5771,4516,1255,78.25,Moderate
Q0329,Mathematics,Triangles,Easy,9625,7271,2354,75.54,Moderate
Q0330,Mathematics,Coordinate Geometry,Easy,1921,1439,482,74.91,Moderate
Q0331,Mathematics,Coordinate Geometry,Easy,1929,1334,595,69.16,Moderate
Q0332,Mathematics,Triangles,Medium,5766,3227,2539,55.97,Moderate
Q0333,Mathematics,Introduction to Trigonometry,Medium,1921,1158,763,60.28,Moderate
Q0334,Mathematics,Polynomials,Easy,3833,2767,1066,72.19,Moderate
Q0335,Mathematics,Surface Areas and Volumes,Hard,3842,1538,2304,40.03,Difficult
Q0336,Mathematics,Some Applications of Trigonometry,Hard,1930,794,1136,41.14,Difficult
Q0337,Mathematics,Some Applications of Trigonometry,Medium,1929,1015,914,52.62,Moderate
Q0338,Mathematics,Coordinate Geometry,Medium,1931,1135,796,58.78,Moderate
Q0339,Mathematics,Probability,Hard,3842,1548,2294,40.29,Difficult
Q0340,Mathematics,Arithmetic Progressions,Hard,1913,797,1116,41.66,Difficult
Q0341,Mathematics,Polynomials,Medium,3830,2271,1559,59.3,Moderate
Q0342,Mathematics,Pair of Linear Equations in Two Variables,Hard,5764,2506,3258,43.48,Difficult
Q0343,Mathematics,Probability,Hard,1924,814,1110,42.31,Difficult
Q0344,Mathematics,Some Applications of Trigonometry,Medium,5763,3336,2427,57.89,Moderate
Q0345,Mathematics,Circles,Easy,1929,1337,592,69.31,Moderate
Q0347,Mathematics,Circles,Easy,1929,1339,590,69.41,Moderate
Q0348,Mathematics,Real Numbers,Easy,1929,1287,642,66.72,Moderate
Q0350,Mathematics,Pair of Linear Equations in Two Variables,Medium,3859,2238,1621,57.99,Moderate
Q0351,Mathematics,Arithmetic Progressions,Easy,1929,1305,624,67.65,Moderate
Q0352,Mathematics,Real Numbers,Medium,1929,1025,904,53.14,Moderate
Q0354,Mathematics,Pair of Linear Equations in Two Variables,Medium,1916,1001,915,52.24,Moderate
Q0357,Mathematics,Pair of Linear Equations in Two Variables,Easy,1931,1470,461,76.13,Moderate
Q0358,Mathematics,Triangles,Medium,3841,2402,1439,62.54,Moderate
Q0359,Mathematics,Circles,Hard,3837,1507,2330,39.28,Difficult
Q0360,Mathematics,Pair of Linear Equations in Two Variables,Hard,3851,1612,2239,41.86,Difficult
Q0363,Mathematics,Circles,Easy,1921,1445,476,75.22,Moderate
Q0364,Mathematics,Quadratic Equations,Hard,1924,793,1131,41.22,Difficult
Q0365,Mathematics,Triangles,Medium,1926,1260,666,65.42,Moderate
Q0366,Mathematics,Areas Related to Circles,Medium,1916,1000,916,52.19,Moderate
Q0367,Mathematics,Some Applications of Trigonometry,Medium,3841,2449,1392,63.76,Moderate
Q0370,Mathematics,Quadratic Equations,Hard,3861,1608,2253,41.65,Difficult
Q0372,Mathematics,Real Numbers,Medium,1929,1029,900,53.34,Moderate
Q0373,Mathematics,Pair of Linear Equations in Two Variables,Medium,3850,2166,1684,56.26,Moderate
Q0377,Mathematics,Coordinate Geometry,Medium,1913,1137,776,59.44,Moderate
Q0378,Mathematics,Polynomials,Medium,3851,2403,1448,62.4,Moderate
Q0379,Mathematics,Coordinate Geometry,Easy,1921,1455,466,75.74,Moderate
Q0380,Mathematics,Areas Related to Circles,Easy,1930,1438,492,74.51,Moderate
Q0381,Mathematics,Coordinate Geometry,Easy,5742,4171,1571,72.64,Moderate
Q0384,Mathematics,Triangles,Medium,1930,1130,800,58.55,Moderate
Q0385,Mathematics,Quadratic Equations,Hard,1920,673,1247,35.05,Difficult
Q0386,Mathematics,Some Applications of Trigonometry,Medium,1920,1039,881,54.11,Moderate
Q0387,Mathematics,Surface Areas and Volumes,Medium,3837,2271,1566,59.19,Moderate
Q0388,Mathematics,Statistics,Hard,3828,1596,2232,41.69,Difficult
Q0389,Mathematics,Areas Related to Circles,Easy,3855,2959,896,76.76,Moderate
Q0390,Mathematics,Quadratic Equations,Medium,3842,2189,1653,56.98,Moderate
Q0392,Mathematics,Areas Related to Circles,Easy,1916,1259,657,65.71,Moderate
Q0393,Mathematics,Polynomials,Medium,5761,3320,2441,57.63,Moderate
Q0394,Mathematics,Pair of Linear Equations in Two Variables,Hard,3845,1574,2271,40.94,Difficult
Q0395,Mathematics,Statistics,Easy,1929,1301,628,67.44,Moderate
Q0396,Mathematics,Statistics,Easy,1924,1479,445,76.87,Moderate
Q0397,Mathematics,Statistics,Medium,1915,1174,741,61.31,Moderate
Q0398,Mathematics,Introduction to Trigonometry,Medium,3846,2314,1532,60.17,Moderate
Q0399,Mathematics,Circles,Hard,3855,1604,2251,41.61,Difficult
Q0400,Mathematics,Triangles,Hard,3853,1493,2360,38.75,Difficult
Q0401,Mathematics,Triangles,Easy,1916,1317,599,68.74,Moderate
Q0402,Mathematics,Introduction to Trigonometry,Easy,1917,1475,442,76.94,Moderate
Q0403,Mathematics,Statistics,Easy,1931,1484,447,76.85,Moderate
Q0404,Mathematics,Triangles,Easy,1929,1320,609,68.43,Moderate
Q0405,Mathematics,Introduction to Trigonometry,Easy,5775,4261,1514,73.78,Moderate
Q0406,Mathematics,Triangles,Easy,1915,1450,465,75.72,Moderate
Q0407,Mathematics,Areas Related to Circles,Medium,3850,2163,1687,56.18,Moderate
Q0410,Mathematics,Introduction to Trigonometry,Easy,1926,1584,342,82.24,Easy
Q0411,Mathematics,Areas Related to Circles,Easy,1916,1343,573,70.09,Moderate
Q0412,Mathematics,Introduction to Trigonometry,Medium,11519,6869,4650,59.63,Moderate
Q0413,Mathematics,Introduction to Trigonometry,Medium,1921,1134,787,59.03,Moderate
Q0414,Mathematics,Surface Areas and Volumes,Easy,1931,1485,446,76.9,Moderate
Q0416,Mathematics,Introduction to Trigonometry,Easy,3846,2803,1043,72.88,Moderate
Q0417,Mathematics,Pair of Linear Equations in Two Variables,Medium,5784,3300,2484,57.05,Moderate
Q0420,Mathematics,Areas Related to Circles,Medium,3851,2314,1537,60.09,Moderate
Q0421,Mathematics,Triangles,Hard,1920,694,1226,36.15,Difficult
Q0422,Mathematics,Arithmetic Progressions,Medium,1924,1141,783,59.3,Moderate
Q0423,Mathematics,Areas Related to Circles,Hard,1926,882,1044,45.79,Difficult
Q0424,Mathematics,Probability,Medium,3846,2224,1622,57.83,Moderate
Q0425,Mathematics,Circles,Easy,1929,1326,603,68.74,Moderate
Q0426,Mathematics,Arithmetic Progressions,Medium,1913,1155,758,60.38,Moderate
Q0427,Mathematics,Pair of Linear Equations in Two Variables,Easy,3846,2890,956,75.14,Moderate
Q0429,Mathematics,Areas Related to Circles,Easy,3834,2908,926,75.85,Moderate
Q0431,Mathematics,Polynomials,Easy,9613,7327,2286,76.22,Moderate
Q0432,Mathematics,Some Applications of Trigonometry,Medium,1920,1034,886,53.85,Moderate
Q0433,Mathematics,Arithmetic Progressions,Easy,3837,3081,756,80.3,Easy
Q0434,Mathematics,Triangles,Medium,5776,3461,2315,59.92,Moderate
Q0435,Mathematics,Quadratic Equations,Medium,1920,1263,657,65.78,Moderate
Q0436,Mathematics,Pair of Linear Equations in Two Variables,Medium,1916,1051,865,54.85,Moderate
Q0439,Mathematics,Real Numbers,Easy,3837,3047,790,79.41,Moderate
Q0440,Mathematics,Statistics,Easy,1930,1479,451,76.63,Moderate
Q0442,Mathematics,Probability,Easy,3842,2909,933,75.72,Moderate
Q0443,Mathematics,Statistics,Medium,1915,1139,776,59.48,Moderate
Q0445,Mathematics,Areas Related to Circles,Medium,1931,1117,814,57.85,Moderate
Q0447,Mathematics,Quadratic Equations,Hard,1916,700,1216,36.53,Difficult
Q0448,Mathematics,Statistics,Medium,1913,1125,788,58.81,Moderate
Q0450,Mathematics,Introduction to Trigonometry,Easy,3854,2950,904,76.54,Moderate
Q0452,Mathematics,Coordinate Geometry,Hard,3835,1492,2343,38.9,Difficult
Q0453,Mathematics,Statistics,Medium,3850,2167,1683,56.29,Moderate
Q0454,Mathematics,Real Numbers,Medium,1913,1141,772,59.64,Moderate
Q0455,Mathematics,Some Applications of Trigonometry,Medium,1913,1184,729,61.89,Moderate
Q0456,Mathematics,Probability,Easy,1915,1457,458,76.08,Moderate
Q0458,Mathematics,Arithmetic Progressions,Medium,3854,2345,1509,60.85,Moderate
Q0459,Mathematics,Pair of Linear Equations in Two Variables,Easy,1913,1459,454,76.27,Moderate
Q0460,Mathematics,Quadratic Equations,Easy,1931,1467,464,75.97,Moderate
Q0461,Mathematics,Real Numbers,Hard,1924,786,1138,40.85,Difficult
Q0462,Mathematics,Some Applications of Trigonometry,Medium,5764,3168,2596,54.96,Moderate
Q0463,Mathematics,Polynomials,Easy,5777,4244,1533,73.46,Moderate
Q0465,Mathematics,Surface Areas and Volumes,Medium,1915,1148,767,59.95,Moderate
Q0466,Mathematics,Pair of Linear Equations in Two Variables,Easy,5750,4246,1504,73.84,Moderate
Q0467,Mathematics,Surface Areas and Volumes,Easy,5767,4398,1369,76.26,Moderate
Q0468,Mathematics,Surface Areas and Volumes,Medium,1921,1167,754,60.75,Moderate
Q0470,Mathematics,Arithmetic Progressions,Hard,1929,720,1209,37.33,Difficult
Q0471,Mathematics,Some Applications of Trigonometry,Easy,1930,1462,468,75.75,Moderate
Q0474,Mathematics,Real Numbers,Easy,5753,4281,1472,74.41,Moderate
Q0475,Mathematics,Statistics,Hard,7684,3109,4575,40.46,Difficult
Q0476,Mathematics,Polynomials,Medium,7686,4549,3137,59.19,Moderate
Q0477,Mathematics,Circles,Easy,1921,1451,470,75.53,Moderate
Q0479,Mathematics,Arithmetic Progressions,Medium,5754,3466,2288,60.24,Moderate
Q0480,Mathematics,Triangles,Hard,5771,2293,3478,39.73,Difficult
Q0481,Mathematics,Pair of Linear Equations in Two Variables,Hard,1920,868,1052,45.21,Difficult
Q0482,Mathematics,Some Applications of Trigonometry,Easy,1913,1451,462,75.85,Moderate
Q0483,Mathematics,Some Applications of Trigonometry,Easy,1930,1460,470,75.65,Moderate
Q0484,Mathematics,Some Applications of Trigonometry,Hard,1913,823,1090,43.02,Difficult
Q0485,Mathematics,Probability,Medium,3833,2429,1404,63.37,Moderate
Q0487,Mathematics,Surface Areas and Volumes,Hard,3855,1586,2269,41.14,Difficult
Q0488,Mathematics,Triangles,Hard,1930,793,1137,41.09,Difficult
Q0489,Mathematics,Areas Related to Circles,Medium,1926,1259,667,65.37,Moderate
Q0490,Mathematics,Surface Areas and Volumes,Medium,1917,1126,791,58.74,Moderate
Q0491,Mathematics,Real Numbers,Medium,1931,1147,784,59.4,Moderate
Q0492,Mathematics,Probability,Easy,3830,2877,953,75.12,Moderate
Q0493,Mathematics,Areas Related to Circles,Easy,3840,2907,933,75.7,Moderate
Q0494,Mathematics,Introduction to Trigonometry,Easy,3835,2821,1014,73.56,Moderate
Q0495,Mathematics,Pair of Linear Equations in Two Variables,Easy,1924,1496,428,77.75,Moderate
Q0497,Mathematics,Real Numbers,Medium,1921,1146,775,59.66,Moderate
Q0500,Mathematics,Introduction to Trigonometry,Medium,5763,3570,2193,61.95,Moderate
Q0501,English,The Proposal,Easy,1919,1575,344,82.07,Easy
Q0502,English,Two Stories about Flying,Medium,3839,2339,1500,60.93,Moderate
Q0504,English,The Sermon at Benares,Easy,1931,1430,501,74.05,Moderate
Q0506,English,From the Diary of Anne Frank,Medium,1932,1131,801,58.54,Moderate
Q0507,English,The Proposal,Medium,1930,1109,821,57.46,Moderate
Q0508,English,A Letter to God,Easy,1919,1587,332,82.7,Easy
Q0510,English,The Making of a Scientist,Hard,1930,780,1150,40.41,Difficult
Q0511,English,Madam Rides the Bus,Easy,1919,1534,385,79.94,Moderate
Q0512,English,From the Diary of Anne Frank,Easy,1931,1425,506,73.8,Moderate
Q0515,English,The Sermon at Benares,Medium,1932,1126,806,58.28,Moderate
Q0516,English,From the Diary of Anne Frank,Hard,1930,810,1120,41.97,Difficult
Q0517,English,A Letter to God,Medium,1932,1127,805,58.33,Moderate
Q0518,English,The Making of a Scientist,Hard,3837,1492,2345,38.88,Difficult
Q0519,English,Glimpses of India,Medium,1931,1147,784,59.4,Moderate
Q0520,English,Nelson Mandela: Long Walk to Freedom,Medium,3851,2153,1698,55.91,Moderate
Q0521,English,Glimpses of India,Medium,3838,2280,1558,59.41,Moderate
Q0523,English,A Letter to God,Medium,1916,996,920,51.98,Moderate
Q0524,English,Madam Rides the Bus,Medium,1914,1028,886,53.71,Moderate
Q0525,English,The Sermon at Benares,Easy,1930,1450,480,75.13,Moderate
Q0526,English,Glimpses of India,Easy,1919,1543,376,80.41,Easy
Q0527,English,The Midnight Visitor,Hard,1916,734,1182,38.31,Difficult
Q0530,English,Footprints without Feet,Easy,1931,1441,490,74.62,Moderate
Q0531,English,A Triumph of Surgery,Easy,5756,4317,1439,75.0,Moderate
Q0533,English,Madam Rides the Bus,Medium,1919,1238,681,64.51,Moderate
Q0534,English,The Proposal,Medium,1914,1008,906,52.66,Moderate
Q0535,English,A Triumph of Surgery,Easy,1923,1466,457,76.24,Moderate
Q0537,English,The Thief Story,Medium,1916,1057,859,55.17,Moderate
Q0539,English,A Triumph of Surgery,Easy,1932,1439,493,74.48,Moderate
Q0540,English,Glimpses of India,Easy,1916,1302,614,67.95,Moderate
Q0545,English,The Midnight Visitor,Medium,1914,1019,895,53.24,Moderate
Q0546,English,The Thief Story,Hard,1919,675,1244,35.17,Difficult
Q0547,English,A Letter to God,Medium,1931,1140,791,59.04,Moderate
Q0548,English,A Triumph of Surgery,Hard,1923,744,1179,38.69,Difficult
Q0550,English,The Making of a Scientist,Medium,1918,1127,791,58.76,Moderate
Q0552,English,From the Diary of Anne Frank,Easy,3851,3000,851,77.9,Moderate
Q0555,English,The Proposal,Medium,1931,1135,796,58.78,Moderate
Q0557,English,A Triumph of Surgery,Medium,3837,2136,1701,55.67,Moderate
Q0559,English,Madam Rides the Bus,Hard,3850,1579,2271,41.01,Difficult
Q0561,English,The Midnight Visitor,Medium,3850,2206,1644,57.3,Moderate
Q0568,English,Footprints without Feet,Medium,1930,1148,782,59.48,Moderate
Q0570,English,The Sermon at Benares,Easy,1916,1272,644,66.39,Moderate
Q0573,English,Glimpses of India,Medium,1919,1245,674,64.88,Moderate
Q0579,English,From the Diary of Anne Frank,Medium,3837,2337,1500,60.91,Moderate
Q0582,English,A Question of Trust,Easy,3854,2881,973,74.75,Moderate
Q0583,English,Footprints without Feet,Easy,1923,1438,485,74.78,Moderate
Q0586,English,Footprints without Feet,Hard,1914,682,1232,35.63,Difficult
Q0588,English,Nelson Mandela: Long Walk to Freedom,Easy,1923,1451,472,75.46,Moderate
Q0590,English,Two Stories about Flying,Medium,3849,2244,1605,58.3,Moderate
Q0591,English,Two Stories about Flying,Medium,1919,1024,895,53.36,Moderate
Q0593,English,Two Stories about Flying,Easy,1923,1436,487,74.67,Moderate
Q0596,English,Glimpses of India,Hard,3839,1616,2223,42.09,Difficult
Q0597,English,A Triumph of Surgery,Medium,3833,2211,1622,57.68,Moderate
Q0598,English,Two Stories about Flying,Easy,5780,4332,1448,74.95,Moderate
Q0599,English,Glimpses of India,Easy,3834,2766,1068,72.14,Moderate
Q0600,English,Madam Rides the Bus,Medium,1914,1014,900,52.98,Moderate
Q0602,English,A Letter to God,Easy,3855,2905,950,75.36,Moderate
Q0603,English,Glimpses of India,Medium,1916,1014,902,52.92,Moderate
Q0604,English,From the Diary of Anne Frank,Easy,1914,1309,605,68.39,Moderate
Q0605,English,The Midnight Visitor,Hard,1930,811,1119,42.02,Difficult
Q0606,English,A Triumph of Surgery,Medium,1919,1219,700,63.52,Moderate
Q0607,English,The Midnight Visitor,Easy,1918,1464,454,76.33,Moderate
Q0613,English,A Question of Trust,Medium,3862,2240,1622,58.0,Moderate
Q0614,English,Nelson Mandela: Long Walk to Freedom,Medium,1919,1257,662,65.5,Moderate
Q0616,English,A Question of Trust,Easy,1914,1304,610,68.13,Moderate
Q0618,English,Madam Rides the Bus,Medium,3834,2136,1698,55.71,Moderate
Q0619,English,Two Stories about Flying,Hard,1919,859,1060,44.76,Difficult
Q0622,English,The Proposal,Hard,5748,2204,3544,38.34,Difficult
Q0625,English,The Proposal,Medium,1919,1020,899,53.15,Moderate
Q0626,English,Nelson Mandela: Long Walk to Freedom,Easy,1923,1457,466,75.77,Moderate
Q0628,English,A Triumph of Surgery,Easy,5748,4035,1713,70.2,Moderate
Q0630,English,A Triumph of Surgery,Easy,1919,1270,649,66.18,Moderate
Q0631,English,From the Diary of Anne Frank,Easy,3837,2818,1019,73.44,Moderate
Q0633,English,Footprints without Feet,Medium,1920,1125,795,58.59,Moderate
Q0636,English,Footprints without Feet,Medium,3848,2120,1728,55.09,Moderate
Q0638,English,A Question of Trust,Hard,5765,2255,3510,39.12,Difficult
Q0641,English,Nelson Mandela: Long Walk to Freedom,Medium,3845,2108,1737,54.82,Moderate
Q0642,English,A Letter to God,Easy,1914,1305,609,68.18,Moderate
Q0643,English,Footprints without Feet,Medium,5769,3357,2412,58.19,Moderate
Q0647,English,The Sermon at Benares,Easy,1918,1406,512,73.31,Moderate
Q0649,English,The Midnight Visitor,Medium,5774,3432,2342,59.44,Moderate
Q0650,English,Two Stories about Flying,Medium,1919,1215,704,63.31,Moderate
Q0652,English,The Making of a Scientist,Medium,1923,1160,763,60.32,Moderate
Q0656,English,Madam Rides the Bus,Hard,5758,2398,3360,41.65,Difficult
Q0658,English,Footprints without Feet,Medium,3839,2105,1734,54.83,Moderate
Q0662,English,The Midnight Visitor,Hard,1920,804,1116,41.88,Difficult
Q0663,English,From the Diary of Anne Frank,Medium,1923,1116,807,58.03,Moderate
Q0664,English,The Proposal,Easy,3851,2784,1067,72.29,Moderate
Q0668,English,Madam Rides the Bus,Medium,1914,1032,882,53.92,Moderate
Q0670,English,The Midnight Visitor,Easy,7693,5480,2213,71.23,Moderate
Q0671,English,Glimpses of India,Medium,3847,2183,1664,56.75,Moderate
Q0673,English,Two Stories about Flying,Hard,3839,1453,2386,37.85,Difficult
Q0675,English,The Midnight Visitor,Hard,5757,2308,3449,40.09,Difficult
Q0676,English,A Triumph of Surgery,Hard,1920,780,1140,40.62,Difficult
Q0678,English,Two Stories about Flying,Easy,1930,1449,481,75.08,Moderate
Q0680,English,The Making of a Scientist,Easy,5765,4143,1622,71.86,Moderate
Q0682,English,The Sermon at Benares,Medium,1930,1152,778,59.69,Moderate
Q0685,English,Nelson Mandela: Long Walk to Freedom,Hard,1930,782,1148,40.52,Difficult
Q0686,English,Madam Rides the Bus,Medium,1918,1132,786,59.02,Moderate
Q0687,English,The Making of a Scientist,Easy,3841,2889,952,75.21,Moderate
Q0688,English,The Sermon at Benares,Medium,1918,1149,769,59.91,Moderate
Q0689,English,A Letter to God,Hard,1932,741,1191,38.35,Difficult
Q0691,English,The Midnight Visitor,Medium,1919,1019,900,53.1,Moderate
Q0692,English,From the Diary of Anne Frank,Hard,5771,2355,3416,40.81,Difficult
Q0693,English,Glimpses of India,Easy,1919,1318,601,68.68,Moderate
Q0695,English,A Question of Trust,Hard,1930,807,1123,41.81,Difficult
Q0696,English,From the Diary of Anne Frank,Medium,1919,1240,679,64.62,Moderate
Q0697,English,From the Diary of Anne Frank,Medium,1916,1007,909,52.56,Moderate
Q0698,English,A Triumph of Surgery,Medium,3850,2247,1603,58.36,Moderate
Q0699,English,The Sermon at Benares,Easy,3854,2885,969,74.86,Moderate
Q0701,English,A Triumph of Surgery,Hard,1930,796,1134,41.24,Difficult
Q0702,English,Nelson Mandela: Long Walk to Freedom,Easy,1919,1291,628,67.27,Moderate
Q0703,English,The Proposal,Medium,1920,1155,765,60.16,Moderate
Q0704,English,From the Diary of Anne Frank,Medium,1916,1027,889,53.6,Moderate
Q0705,English,A Letter to God,Easy,3839,2736,1103,71.27,Moderate
Q0707,English,A Triumph of Surgery,Easy,1932,1450,482,75.05,Moderate
Q0708,English,A Question of Trust,Medium,3843,2254,1589,58.65,Moderate
Q0709,English,From the Diary of Anne Frank,Easy,3851,2781,1070,72.22,Moderate
Q0711,English,A Triumph of Surgery,Easy,5766,4010,1756,69.55,Moderate
Q0712,English,Madam Rides the Bus,Hard,1918,772,1146,40.25,Difficult
Q0713,English,The Proposal,Easy,1919,1318,601,68.68,Moderate
Q0714,English,A Question of Trust,Medium,1931,1117,814,57.85,Moderate
Q0716,English,Two Stories about Flying,Medium,1923,1117,806,58.09,Moderate
Q0717,English,Two Stories about Flying,Easy,3844,2781,1063,72.35,Moderate
Q0718,English,The Midnight Visitor,Medium,3838,2320,1518,60.45,Moderate
Q0719,English,A Letter to God,Easy,5769,4438,1331,76.93,Moderate
Q0721,English,The Sermon at Benares,Hard,1916,680,1236,35.49,Difficult
Q0722,English,From the Diary of Anne Frank,Medium,1932,1125,807,58.23,Moderate
Q0723,English,A Letter to God,Medium,1919,1256,663,65.45,Moderate
Q0724,English,Madam Rides the Bus,Medium,1920,1120,800,58.33,Moderate
Q0725,English,The Midnight Visitor,Easy,1930,1461,469,75.7,Moderate
Q0726,English,The Midnight Visitor,Hard,1931,756,1175,39.15,Difficult
Q0728,English,A Letter to God,Easy,1914,1316,598,68.76,Moderate
Q0729,English,A Triumph of Surgery,Medium,1931,1134,797,58.73,Moderate
Q0730,English,A Triumph of Surgery,Hard,1919,695,1224,36.22,Difficult
Q0731,English,The Sermon at Benares,Medium,1920,1141,779,59.43,Moderate
Q0734,English,A Triumph of Surgery,Easy,1914,1287,627,67.24,Moderate
Q0736,English,Madam Rides the Bus,Hard,3839,1463,2376,38.11,Difficult
Q0737,English,The Thief Story,Medium,1930,1117,813,57.88,Moderate
Q0738,English,From the Diary of Anne Frank,Medium,1916,1044,872,54.49,Moderate
Q0740,English,Footprints without Feet,Medium,1931,1134,797,58.73,Moderate
Q0741,English,The Sermon at Benares,Medium,5772,3236,2536,56.06,Moderate
Q0747,English,The Proposal,Medium,3851,2166,1685,56.25,Moderate
Q0748,English,Nelson Mandela: Long Walk to Freedom,Medium,3862,2255,1607,58.39,Moderate
Q0749,English,A Triumph of Surgery,Easy,1931,1453,478,75.25,Moderate
Q0751,Social,Nationalism in India,Hard,1933,763,1170,39.47,Difficult
Q0753,Social,Forest and Wildlife Resources,Easy,3821,3101,720,81.16,Easy
Q0754,Social,Power Sharing,Easy,1911,1537,374,80.43,Easy
Q0755,Social,Nationalism in India,Hard,3837,1550,2287,40.4,Difficult
Q0757,Social,The Rise of Nationalism in Europe,Medium,5773,3249,2524,56.28,Moderate
Q0759,Social,Nationalism in India,Medium,3841,2299,1542,59.85,Moderate
Q0761,Social,Power Sharing,Medium,1911,1198,713,62.69,Moderate
Q0763,Social,Sectors of the Indian Economy,Easy,3844,2956,888,76.9,Moderate
Q0764,Social,The Making of a Global World,Hard,3851,1534,2317,39.83,Difficult
Q0765,Social,Water Resources,Easy,1911,1545,366,80.85,Easy
Q0766,Social,The Age of Industrialisation,Medium,1933,1128,805,58.35,Moderate
Q0767,Social,Water Resources,Hard,1914,826,1088,43.16,Difficult
Q0768,Social,The Age of Industrialisation,Medium,3845,2294,1551,59.66,Moderate
Q0770,Social,Nationalism in India,Easy,5778,4248,1530,73.52,Moderate
Q0771,Social,The Making of a Global World,Medium,5769,3481,2288,60.34,Moderate
Q0776,Social,Forest and Wildlife Resources,Easy,1933,1415,518,73.2,Moderate
Q0777,Social,The Making of a Global World,Easy,3825,2958,867,77.33,Moderate
Q0779,Social,Federalism,Hard,1911,824,1087,43.12,Difficult
Q0781,Social,Nationalism in India,Hard,5748,2378,3370,41.37,Difficult
Q0784,Social,The Making of a Global World,Easy,1927,1531,396,79.45,Moderate
Q0786,Social,The Making of a Global World,Medium,3831,2266,1565,59.15,Moderate
Q0788,Social,Money and Credit,Easy,1928,1409,519,73.08,Moderate
Q0789,Social,Money and Credit,Medium,1914,1190,724,62.17,Moderate
Q0790,Social,Agriculture,Hard,1914,810,1104,42.32,Difficult
Q0791,Social,Water Resources,Medium,5770,3395,2375,58.84,Moderate
Q0792,Social,"Gender, Religion and Caste",Medium,1927,1207,720,62.64,Moderate
Q0797,Social,Power Sharing,Hard,1928,771,1157,39.99,Difficult
Q0798,Social,Agriculture,Easy,1911,1522,389,79.64,Moderate
Q0799,Social,Sectors of the Indian Economy,Easy,3824,2933,891,76.7,Moderate
Q0800,Social,Nationalism in India,Medium,1918,1125,793,58.65,Moderate
Q0802,Social,Power Sharing,Easy,1914,1426,488,74.5,Moderate
Q0803,Social,Sectors of the Indian Economy,Hard,1928,746,1182,38.69,Difficult
Q0804,Social,The Age of Industrialisation,Medium,1918,1078,840,56.2,Moderate
Q0806,Social,The Age of Industrialisation,Easy,1927,1551,376,80.49,Easy
Q0807,Social,Agriculture,Easy,1927,1427,500,74.05,Moderate
Q0809,Social,Sectors of the Indian Economy,Medium,1918,1089,829,56.78,Moderate
Q0812,Social,"Gender, Religion and Caste",Easy,1918,1399,519,72.94,Moderate
Q0813,Social,The Making of a Global World,Medium,1917,1187,730,61.92,Moderate
Q0814,Social,Sectors of the Indian Economy,Medium,3825,2257,1568,59.01,Moderate
Q0815,Social,Power Sharing,Medium,1918,1087,831,56.67,Moderate
Q0817,Social,Resources and Development,Medium,3837,2268,1569,59.11,Moderate
Q0818,Social,Money and Credit,Easy,1914,1421,493,74.24,Moderate
Q0819,Social,Money and Credit,Easy,1927,1526,401,79.19,Moderate
Q0822,Social,The Age of Industrialisation,Hard,1927,821,1106,42.61,Difficult
Q0824,Social,Water Resources,Medium,1927,1085,842,56.31,Moderate
Q0825,Social,"Gender, Religion and Caste",Medium,1918,1121,797,58.45,Moderate
Q0827,Social,Sectors of the Indian Economy,Easy,1917,1546,371,80.65,Easy
Q0828,Social,Water Resources,Easy,7678,5852,1826,76.22,Moderate
Q0829,Social,Development,Hard,1917,806,1111,42.04,Difficult
Q0830,Social,Agriculture,Medium,1927,1226,701,63.62,Moderate
Q0831,Social,Federalism,Easy,3844,3092,752,80.44,Easy
Q0833,Social,Agriculture,Easy,1914,1548,366,80.88,Easy
Q0839,Social,Money and Credit,Medium,1914,1203,711,62.85,Moderate
Q0844,Social,The Age of Industrialisation,Hard,5745,2352,3393,40.94,Difficult
Q0845,Social,"Gender, Religion and Caste",Medium,1927,1084,843,56.25,Moderate
Q0847,Social,Nationalism in India,Medium,7672,4578,3094,59.67,Moderate
Q0855,Social,Money and Credit,Medium,3838,2298,1540,59.87,Moderate
Q0856,Social,Agriculture,Medium,1927,1076,851,55.84,Moderate
Q0857,Social,Nationalism in India,Medium,1917,1163,754,60.67,Moderate
Q0858,Social,Nationalism in India,Hard,1914,837,1077,43.73,Difficult
Q0859,Social,Resources and Development,Easy,1911,1536,375,80.38,Easy
Q0861,Social,"Gender, Religion and Caste",Medium,1910,1167,743,61.1,Moderate
Q0863,Social,Federalism,Medium,5754,3468,2286,60.27,Moderate
Q0864,Social,Forest and Wildlife Resources,Medium,1918,1102,816,57.46,Moderate
Q0865,Social,Development,Hard,1917,809,1108,42.2,Difficult
Q0868,Social,Sectors of the Indian Economy,Medium,1928,1114,814,57.78,Moderate
Q0869,Social,Water Resources,Medium,3824,2363,1461,61.79,Moderate
Q0871,Social,Resources and Development,Hard,1914,789,1125,41.22,Difficult
Q0873,Social,Federalism,Hard,1914,728,1186,38.04,Difficult
Q0874,Social,Development,Easy,1910,1536,374,80.42,Easy
Q0875,Social,"Gender, Religion and Caste",Easy,1933,1390,543,71.91,Moderate
Q0877,Social,Development,Hard,1927,704,1223,36.53,Difficult
Q0880,Social,The Age of Industrialisation,Medium,1928,1099,829,57.0,Moderate
Q0881,Social,Nationalism in India,Medium,1927,1212,715,62.9,Moderate
Q0882,Social,Forest and Wildlife Resources,Medium,1917,1190,727,62.08,Moderate
Q0884,Social,Water Resources,Hard,1911,809,1102,42.33,Difficult
Q0885,Social,The Making of a Global World,Medium,1911,1177,734,61.59,Moderate
Q0888,Social,The Rise of Nationalism in Europe,Hard,1933,748,1185,38.7,Difficult
Q0889,Social,Power Sharing,Easy,1914,1378,536,72.0,Moderate
Q0890,Social,Power Sharing,Medium,3842,2189,1653,56.98,Moderate
Q0895,Social,Power Sharing,Easy,3860,2984,876,77.31,Moderate
Q0896,Social,"Gender, Religion and Caste",Easy,1927,1488,439,77.22,Moderate
Q0897,Social,"Gender, Religion and Caste",Medium,1911,1203,708,62.95,Moderate
Q0899,Social,Money and Credit,Medium,1933,1122,811,58.04,Moderate
Q0900,Social,Nationalism in India,Easy,1927,1413,514,73.33,Moderate
Q0901,Social,Agriculture,Medium,1914,1216,698,63.53,Moderate
Q0902,Social,Resources and Development,Medium,1917,1220,697,63.64,Moderate
Q0904,Social,Development,Easy,1927,1404,523,72.86,Moderate
Q0906,Social,Money and Credit,Easy,3842,2826,1016,73.56,Moderate
Q0908,Social,Money and Credit,Hard,1928,757,1171,39.26,Difficult
Q0909,Social,Sectors of the Indian Economy,Medium,1933,1062,871,54.94,Moderate
Q0912,Social,"Gender, Religion and Caste",Easy,1910,1537,373,80.47,Easy
Q0913,Social,Power Sharing,Medium,5751,3505,2246,60.95,Moderate
Q0914,Social,Money and Credit,Hard,1917,835,1082,43.56,Difficult
Q0915,Social,The Making of a Global World,Medium,3855,2195,1660,56.94,Moderate
Q0916,Social,Federalism,Medium,1918,1093,825,56.99,Moderate
Q0919,Social,The Age of Industrialisation,Easy,3832,2931,901,76.49,Moderate
Q0920,Social,Water Resources,Hard,3829,1572,2257,41.06,Difficult
Q0921,Social,Money and Credit,Medium,3835,2253,1582,58.75,Moderate
Q0922,Social,Development,Medium,1917,1198,719,62.49,Moderate
Q0924,Social,Development,Easy,1927,1532,395,79.5,Moderate
Q0927,Social,The Making of a Global World,Easy,3824,2926,898,76.52,Moderate
Q0928,Social,The Rise of Nationalism in Europe,Medium,1928,1120,808,58.09,Moderate
Q0931,Social,The Rise of Nationalism in Europe,Medium,1928,1083,845,56.17,Moderate
Q0932,Social,Federalism,Easy,1911,1524,387,79.75,Moderate
Q0933,Social,The Age of Industrialisation,Medium,1911,1183,728,61.9,Moderate
Q0935,Social,Development,Medium,3837,2271,1566,59.19,Moderate
Q0937,Social,Water Resources,Easy,1928,1396,532,72.41,Moderate
Q0940,Social,Sectors of the Indian Economy,Medium,3846,2198,1648,57.15,Moderate
Q0942,Social,Power Sharing,Medium,1910,1206,704,63.14,Moderate
Q0944,Social,Development,Medium,1933,1083,850,56.03,Moderate
Q0945,Social,The Age of Industrialisation,Easy,1914,1391,523,72.68,Moderate
Q0946,Social,Water Resources,Medium,3831,2391,1440,62.41,Moderate
Q0948,Social,Federalism,Medium,3844,2370,1474,61.65,Moderate
Q0949,Social,"Gender, Religion and Caste",Medium,1927,1212,715,62.9,Moderate
Q0950,Social,Federalism,Easy,1918,1399,519,72.94,Moderate
Q0951,Social,"Gender, Religion and Caste",Hard,1933,763,1170,39.47,Difficult
Q0952,Social,Resources and Development,Hard,1914,740,1174,38.66,Difficult
Q0953,Social,Sectors of the Indian Economy,Medium,5774,3328,2446,57.64,Moderate
Q0956,Social,The Making of a Global World,Hard,1914,806,1108,42.11,Difficult
Q0959,Social,Nationalism in India,Medium,1914,1196,718,62.49,Moderate
Q0960,Social,Agriculture,Easy,1910,1518,392,79.48,Moderate
Q0962,Social,Sectors of the Indian Economy,Medium,5782,3394,2388,58.7,Moderate
Q0963,Social,The Rise of Nationalism in Europe,Medium,1933,1104,829,57.11,Moderate
Q0964,Social,Forest and Wildlife Resources,Medium,1914,1061,853,55.43,Moderate
Q0965,Social,The Age of Industrialisation,Easy,1933,1441,492,74.55,Moderate
Q0968,Social,The Rise of Nationalism in Europe,Medium,1911,1184,727,61.96,Moderate
Q0969,Social,Power Sharing,Easy,1918,1403,515,73.15,Moderate
Q0970,Social,Nationalism in India,Medium,1927,1100,827,57.08,Moderate
Q0971,Social,Sectors of the Indian Economy,Hard,1914,741,1173,38.71,Difficult
Q0972,Social,The Rise of Nationalism in Europe,Hard,1910,817,1093,42.77,Difficult
Q0973,Social,The Making of a Global World,Medium,1917,1190,727,62.08,Moderate
Q0976,Social,Resources and Development,Easy,1910,1530,380,80.1,Easy
Q0978,Social,"Gender, Religion and Caste",Medium,1910,1176,734,61.57,Moderate
Q0979,Social,Nationalism in India,Medium,1914,1074,840,56.11,Moderate
Q0980,Social,Forest and Wildlife Resources,Easy,3846,2797,1049,72.72,Moderate
Q0981,Social,The Rise of Nationalism in Europe,Medium,1911,1202,709,62.9,Moderate
Q0982,Social,Water Resources,Medium,1914,1170,744,61.13,Moderate
Q0983,Social,Agriculture,Easy,1911,1542,369,80.69,Easy
Q0984,Social,The Making of a Global World,Easy,1917,1557,360,81.22,Easy
Q0985,Social,Resources and Development,Easy,3860,2849,1011,73.81,Moderate
Q0987,Social,Federalism,Hard,1927,800,1127,41.52,Difficult
Q0988,Social,Agriculture,Medium,1933,1124,809,58.15,Moderate
Q0989,Social,Agriculture,Hard,1914,709,1205,37.04,Difficult
Q0990,Social,Water Resources,Hard,1911,836,1075,43.75,Difficult
Q0991,Social,"Gender, Religion and Caste",Easy,1927,1515,412,78.62,Moderate
Q0992,Social,The Age of Industrialisation,Medium,1928,1091,837,56.59,Moderate
Q0993,Social,Sectors of the Indian Economy,Easy,1927,1549,378,80.38,Easy
Q0994,Social,Sectors of the Indian Economy,Medium,1917,1190,727,62.08,Moderate
Q0995,Social,Power Sharing,Easy,1914,1514,400,79.1,Moderate
Q0997,Social,Resources and Development,Easy,3842,2924,918,76.11,Moderate
Q0999,Social,Sectors of the Indian Economy,Medium,5779,3296,2483,57.03,Moderate
Q1000,Social,Sectors of the Indian Economy,Easy,1914,1525,389,79.68,Moderate
